column_ref,code,description,notes
"linked_transaction.transaction_type","LOCATION_CREATE","Created residential location","also held in the constant_transaction_type table"
"linked_transaction.transaction_type","LOCATION_CREATE_NON_RESI","Created non-residential location","also held in the constant_transaction_type table"
"linked_transaction.transaction_type","LOCATION_UPDATE","Updated residential location","also held in the constant_transaction_type table"
"linked_transaction.transaction_type","LOCATION_UPDATE_NON_RESI","Updated non-residential location","also held in the constant_transaction_type table"
"linked_transaction.transaction_type","SYNC","NOMIS sync (Residential)","also held in the constant_transaction_type table"
"linked_transaction.transaction_type","SYNC_NON_RESIDENTIAL","NOMIS sync (Non-Residential)","also held in the constant_transaction_type table"
"linked_transaction.transaction_type","DELETE","Locations deleted","also held in the constant_transaction_type table"
"linked_transaction.transaction_type","CAPACITY_CHANGE","Capacity change","also held in the constant_transaction_type table"
"linked_transaction.transaction_type","CELL_TYPE_CHANGES","Cell type change","also held in the constant_transaction_type table"
"linked_transaction.transaction_type","DEACTIVATION","Deactivation","also held in the constant_transaction_type table"
"linked_transaction.transaction_type","PERMANENT_DEACTIVATION","Permanent deactivation","also held in the constant_transaction_type table"
"linked_transaction.transaction_type","REACTIVATION","Reactivation","also held in the constant_transaction_type table"
"linked_transaction.transaction_type","CELL_CONVERTION_TO_ROOM","Cell conversion to room","also held in the constant_transaction_type table"
"linked_transaction.transaction_type","ROOM_CONVERTION_TO_CELL","Room conversion to cell","also held in the constant_transaction_type table"
"linked_transaction.transaction_type","SIGNED_OP_CAP","Signed operational capacity","also held in the constant_transaction_type table"
"linked_transaction.transaction_type","RESI_SERVICE_ACTIVATION","Residential service activation","also held in the constant_transaction_type table"
"linked_transaction.transaction_type","NON_RESI_SERVICE_ACTIVATION","Non-residential service activation","also held in the constant_transaction_type table"
"linked_transaction.transaction_type","INCLUDE_SEG_IN_ROLL_COUNT_ACTIVATION","Include segregation in roll count activation","also held in the constant_transaction_type table"
"linked_transaction.transaction_type","APPROVAL_PROCESS_ACTIVATION","Certification approval activation","also held in the constant_transaction_type table"
"linked_transaction.transaction_type","REQUEST_CERTIFICATION_APPROVAL","Request certification approval","also held in the constant_transaction_type table"
"linked_transaction.transaction_type","APPROVE_CERTIFICATION_REQUEST","Approve request","also held in the constant_transaction_type table"
"linked_transaction.transaction_type","REJECT_CERTIFICATION_REQUEST","Reject request","also held in the constant_transaction_type table"
"linked_transaction.transaction_type","WITHDRAW_CERTIFICATION_REQUEST","Withdraw request","also held in the constant_transaction_type table"
"linked_transaction.transaction_type","CERTIFICATE_BASELINE","Certificate baseline","also held in the constant_transaction_type table"
"linked_transaction.transaction_type","NOTIFICATION_MAILBOX_UPDATE","Notification mailbox updated","also held in the constant_transaction_type table"
"linked_transaction.transaction_type","NOTIFICATION_MAILBOX_DELETE","Notification mailbox deleted","also held in the constant_transaction_type table"
"location.location_type","WING","Wing",""
"location.location_type","SPUR","Spur",""
"location.location_type","LANDING","Landing",""
"location.location_type","CELL","Cell",""
"location.location_type","ROOM","Room",""
"location.location_type","HOLDING_AREA","Holding area",""
"location.location_type","MOVEMENT_AREA","Movement area",""
"location.location_type","RESIDENTIAL_UNIT","Residential unit",""
"location.location_type","EXTERNAL_GROUNDS","External grounds",""
"location.location_type","HOLDING_CELL","Holding cell",""
"location.location_type","MEDICAL","Medical",""
"location.location_type","GROUP","Group",""
"location.location_type","OFFICE","Office",""
"location.location_type","ADMINISTRATION_AREA","Administration area",""
"location.location_type","BOOTH","Booth",""
"location.location_type","BOX","Box",""
"location.location_type","RETURN_TO_UNIT","Return to unit",""
"location.location_type","CLASSROOM","Classroom",""
"location.location_type","TRAINING_AREA","Training area",""
"location.location_type","TRAINING_ROOM","Training room",""
"location.location_type","EXERCISE_AREA","Exercise area",""
"location.location_type","AREA","Area",""
"location.location_type","SPORTS","Sports",""
"location.location_type","WORKSHOP","Workshop",""
"location.location_type","INSIDE_PARTY","Inside party",""
"location.location_type","OUTSIDE_PARTY","Outside party",""
"location.location_type","FAITH_AREA","Faith area",""
"location.location_type","ADJUDICATION_ROOM","Adjudication room",""
"location.location_type","APPOINTMENTS","Appointments",""
"location.location_type","VISITS","Visits",""
"location.location_type","VIDEO_LINK","Video link",""
"location.location_type","ASSOCIATION","Association",""
"location.location_type","INTERNAL_GROUNDS","Internal grounds",""
"location.location_type","INTERVIEW","Interview",""
"location.location_type","LOCATION","Location",""
"location.location_type","POSITION","Position",""
"location.location_type","SHELF","Shelf",""
"location.location_type","STORE","Store",""
"location.location_type","TABLE","Table",""
"location.status","ACTIVE","Active",""
"location.status","INACTIVE","Inactive",""
"location.status","ARCHIVED","Archived",""
"location.status","DRAFT","Draft",""
"location.accommodation_type","CARE_AND_SEPARATION","Care and separation",""
"location.accommodation_type","HEALTHCARE_INPATIENTS","Healthcare inpatients",""
"location.accommodation_type","NORMAL_ACCOMMODATION","Normal accommodation",""
"location.accommodation_type","OTHER_NON_RESIDENTIAL","Other",""
"location.residential_housing_type","HEALTHCARE","Healthcare","legacy NOMIS classification, superseded by accommodation_type"
"location.residential_housing_type","HOLDING_CELL","Holding Cell","legacy NOMIS classification, superseded by accommodation_type"
"location.residential_housing_type","NORMAL_ACCOMMODATION","Normal Accommodation","legacy NOMIS classification, superseded by accommodation_type"
"location.residential_housing_type","RECEPTION","Reception","legacy NOMIS classification, superseded by accommodation_type"
"location.residential_housing_type","SEGREGATION","Segregation","legacy NOMIS classification, superseded by accommodation_type"
"location.residential_housing_type","SPECIALIST_CELL","Specialist Cell","legacy NOMIS classification, superseded by accommodation_type"
"location.residential_housing_type","OTHER_USE","Other Use","legacy NOMIS classification, superseded by accommodation_type"
"location.deactivated_reason","DAMAGED","Damage",""
"location.deactivated_reason","DAMP","Damp / mould",""
"location.deactivated_reason","MAINTENANCE","Maintenance",""
"location.deactivated_reason","MOTHBALLED","Mothballed",""
"location.deactivated_reason","PEST","Pest control",""
"location.deactivated_reason","REFURBISHMENT","Refurbishment",""
"location.deactivated_reason","SECURITY_SEALED","Security sealed",""
"location.deactivated_reason","STAFF_SHORTAGE","Staff shortage",""
"location.deactivated_reason","NEW_BUILD","New build",""
"location.deactivated_reason","CONVERT_CELL_TO_ROOM","Convert cell to non-residential room",""
"location.deactivated_reason","OTHER","Other",""
"location.converted_cell_type","HOLDING_ROOM","Holding room",""
"location.converted_cell_type","INTERVIEW_ROOM","Interview room",""
"location.converted_cell_type","KITCHEN_SERVERY","Kitchen / Servery",""
"location.converted_cell_type","LISTENERS_ROOM","Listener's room",""
"location.converted_cell_type","OFFICE","Office",""
"location.converted_cell_type","SHOWER","Shower",""
"location.converted_cell_type","STAFF_ROOM","Staff room",""
"location.converted_cell_type","STORE","Store room",""
"location.converted_cell_type","TREATMENT_ROOM","Treatment room",""
"location.converted_cell_type","UTILITY_ROOM","Utility room",""
"location.converted_cell_type","OTHER","Other",""
"location.location_type_discriminator","CELL","An individual cell that can hold prisoners","single-table inheritance discriminator, not a Kotlin enum"
"location.location_type_discriminator","RESIDENTIAL","A residential location above cell level, such as a wing or landing","single-table inheritance discriminator, not a Kotlin enum"
"location.location_type_discriminator","NON_RESIDENTIAL","A location that does not hold prisoners overnight, such as an adjudication room","single-table inheritance discriminator, not a Kotlin enum"
"location.location_type_discriminator","VIRTUAL","A location that does not physically exist, used to record prisoners who are not in a cell","single-table inheritance discriminator, not a Kotlin enum"
"location.code","RECP","Reception","codes used by virtual locations, where location_type_discriminator is VIRTUAL"
"location.code","COURT","At court","codes used by virtual locations, where location_type_discriminator is VIRTUAL"
"location.code","TAP","Released on temporary licence","codes used by virtual locations, where location_type_discriminator is VIRTUAL"
"location.code","CSWAP","Awaiting a cell","codes used by virtual locations, where location_type_discriminator is VIRTUAL"
"specialist_cell.specialist_cell_type","ACCESSIBLE_CELL","Accessible cell",""
"specialist_cell.specialist_cell_type","BIOHAZARD_DIRTY_PROTEST","Biohazard cell",""
"specialist_cell.specialist_cell_type","CSU","Care and separation cell",""
"specialist_cell.specialist_cell_type","CAT_A","Cat A cell",""
"specialist_cell.specialist_cell_type","CONSTANT_SUPERVISION","Constant supervision cell",""
"specialist_cell.specialist_cell_type","DRY","Dry cell",""
"specialist_cell.specialist_cell_type","ESCAPE_LIST","Escape list cell",""
"specialist_cell.specialist_cell_type","ISOLATION_DISEASES","Isolation cell for communicable diseases",""
"specialist_cell.specialist_cell_type","LISTENER_CRISIS","Listener / crisis cell",""
"specialist_cell.specialist_cell_type","LOCATE_FLAT_CELL","Locate flat",""
"specialist_cell.specialist_cell_type","MEDICAL","Medical cell",""
"specialist_cell.specialist_cell_type","MOTHER_AND_BABY","Mother and baby cell",""
"specialist_cell.specialist_cell_type","SAFE_CELL","Safe cell",""
"specialist_cell.specialist_cell_type","UNFURNISHED","Unfurnished cell",""
"cell_used_for.used_for","CLOSE_SUPERVISION_CENTRE","Close Supervision Centre (CSC)",""
"cell_used_for.used_for","SUB_MISUSE_DRUG_RECOVERY","Drug recovery / Incentivised substance free living (ISFL)",""
"cell_used_for.used_for","FIRST_NIGHT_CENTRE","First night centre / Induction",""
"cell_used_for.used_for","HIGH_SECURITY","High security unit",""
"cell_used_for.used_for","IPP_LONG_TERM_SENTENCES","Long-term sentences / Imprisonment for public protection (IPP)",""
"cell_used_for.used_for","MOTHER_AND_BABY","Mother and baby",""
"cell_used_for.used_for","OPEN_UNIT","Open unit in a closed establishment",""
"cell_used_for.used_for","PATHWAY_TO_PROG","Pathway to progression",""
"cell_used_for.used_for","PERINATAL_UNIT","Perinatal unit",""
"cell_used_for.used_for","PERSONALITY_DISORDER","Personality disorder unit",""
"cell_used_for.used_for","PIPE","Psychologically informed planned environment (PIPE)",""
"cell_used_for.used_for","REMAND","Remand",""
"cell_used_for.used_for","SEPARATION_CENTRE","Separation centre",""
"cell_used_for.used_for","STANDARD_ACCOMMODATION","Standard accommodation",""
"cell_used_for.used_for","THERAPEUTIC_COMMUNITY","Therapeutic community",""
"cell_used_for.used_for","VULNERABLE_PRISONERS","Vulnerable prisoners",""
"cell_used_for.used_for","YOUNG_PERSONS","Young persons",""
"service_usage.service_type","APPOINTMENT","Appointments",""
"service_usage.service_type","PROGRAMMES_AND_ACTIVITIES","Programmes and activities",""
"service_usage.service_type","VIDEO_LINK","Book a video link",""
"service_usage.service_type","HEARING_LOCATION","Adjudications - hearing location",""
"service_usage.service_type","LOCATION_OF_INCIDENT","Adjudications - location of incident",""
"service_usage.service_type","INTERNAL_MOVEMENTS","Internal movements",""
"service_usage.service_type","OFFICIAL_VISITS","Official visits",""
"service_usage.service_type","USE_OF_FORCE","Use of force",""
"service_usage.service_type","VIDEO_ENABLED","Video enabled",""
"non_residential_usage.usage_type","ADJUDICATION_HEARING","Adjudication hearing","legacy NOMIS classification, superseded by service_usage.service_type"
"non_residential_usage.usage_type","APPOINTMENT","Appointment","legacy NOMIS classification, superseded by service_usage.service_type"
"non_residential_usage.usage_type","MOVEMENT","Movement","legacy NOMIS classification, superseded by service_usage.service_type"
"non_residential_usage.usage_type","OCCURRENCE","Occurrence","legacy NOMIS classification, superseded by service_usage.service_type"
"non_residential_usage.usage_type","PROGRAMMES_ACTIVITIES","Programmes/activities","legacy NOMIS classification, superseded by service_usage.service_type"
"non_residential_usage.usage_type","PROPERTY","Property","legacy NOMIS classification, superseded by service_usage.service_type"
"non_residential_usage.usage_type","VISIT","Visit","legacy NOMIS classification, superseded by service_usage.service_type"
"non_residential_usage.usage_type","OTHER","Other","legacy NOMIS classification, superseded by service_usage.service_type"
"residential_attribute.attribute_type","USED_FOR","Used for","legacy NOMIS attribute domain"
"residential_attribute.attribute_type","LOCATION_ATTRIBUTE","Location attribute","legacy NOMIS attribute domain"
"residential_attribute.attribute_type","SANITATION_FITTINGS","Sanitation and fittings","legacy NOMIS attribute domain"
"residential_attribute.attribute_type","NON_ASSOCIATIONS","Non-associations","legacy NOMIS attribute domain"
"residential_attribute.attribute_type","SECURITY","Supervision and Security","legacy NOMIS attribute domain"
"residential_attribute.attribute_value","ANTI_BARRICADE_DOOR","Anti Barricade Door","legacy NOMIS attribute value"
"residential_attribute.attribute_value","AUDITABLE_CELL_BELL","Auditable Cell Bell","legacy NOMIS attribute value"
"residential_attribute.attribute_value","FIXED_BED","Fixed Bed","legacy NOMIS attribute value"
"residential_attribute.attribute_value","METAL_DOOR","Metal Door","legacy NOMIS attribute value"
"residential_attribute.attribute_value","MOVABLE_BED","Movable Bed","legacy NOMIS attribute value"
"residential_attribute.attribute_value","PRIVACY_CURTAIN","Privacy Curtain","legacy NOMIS attribute value"
"residential_attribute.attribute_value","PRIVACY_SCREEN","Privacy Screen","legacy NOMIS attribute value"
"residential_attribute.attribute_value","STANDARD_CELL_BELL","Standard Cell Bell","legacy NOMIS attribute value"
"residential_attribute.attribute_value","SEPARATE_TOILET","Separate Toilet","legacy NOMIS attribute value"
"residential_attribute.attribute_value","WOODEN_DOOR","Wooden Door","legacy NOMIS attribute value"
"residential_attribute.attribute_value","CAT_A_CELL","Cat A Cell","legacy NOMIS attribute value"
"residential_attribute.attribute_value","DOUBLE_OCCUPANCY","Double Occupancy","legacy NOMIS attribute value"
"residential_attribute.attribute_value","E_LIST_CELL","E List Cell","legacy NOMIS attribute value"
"residential_attribute.attribute_value","GATED_CELL","Gated Cell","legacy NOMIS attribute value"
"residential_attribute.attribute_value","LISTENER_CELL","Listener Cell","legacy NOMIS attribute value"
"residential_attribute.attribute_value","LOCATE_FLAT","Locate Flat","legacy NOMIS attribute value"
"residential_attribute.attribute_value","MULTIPLE_OCCUPANCY","Multiple Occupancy","legacy NOMIS attribute value"
"residential_attribute.attribute_value","NON_SMOKER_CELL","Non Smoker Cell","legacy NOMIS attribute value"
"residential_attribute.attribute_value","OBSERVATION_CELL","Observation Cell","legacy NOMIS attribute value"
"residential_attribute.attribute_value","SAFE_CELL","Safe Cell","legacy NOMIS attribute value"
"residential_attribute.attribute_value","SINGLE_OCCUPANCY","Single Occupancy","legacy NOMIS attribute value"
"residential_attribute.attribute_value","SPECIAL_CELL","Special Cell","legacy NOMIS attribute value"
"residential_attribute.attribute_value","WHEELCHAIR_ACCESS","Wheelchair Access","legacy NOMIS attribute value"
"residential_attribute.attribute_value","UNCONVICTED_JUVENILES","Unconvicted Juveniles","legacy NOMIS attribute value"
"residential_attribute.attribute_value","SENTENCED_JUVENILES","Sentenced Juveniles","legacy NOMIS attribute value"
"residential_attribute.attribute_value","UNCONVICTED_18_20","Unconvicted 18 to 20 year olds","legacy NOMIS attribute value"
"residential_attribute.attribute_value","SENTENCED_18_20","Sentenced 18 to 20 year olds","legacy NOMIS attribute value"
"residential_attribute.attribute_value","UNCONVICTED_ADULTS","Unconvicted Adults","legacy NOMIS attribute value"
"residential_attribute.attribute_value","SENTENCED_ADULTS","Sentenced Adults","legacy NOMIS attribute value"
"residential_attribute.attribute_value","VULNERABLE_PRISONER_UNIT","Vulnerable Prisoner Unit","legacy NOMIS attribute value"
"residential_attribute.attribute_value","SPECIAL_UNIT","Special Unit","legacy NOMIS attribute value"
"residential_attribute.attribute_value","RESETTLEMENT_HOSTEL","Resettlement Hostel","legacy NOMIS attribute value"
"residential_attribute.attribute_value","HEALTHCARE_CENTRE","Healthcare Centre","legacy NOMIS attribute value"
"residential_attribute.attribute_value","NATIONAL_RESOURCE_HOSPITAL","National Resource Hospital","legacy NOMIS attribute value"
"residential_attribute.attribute_value","OTHER_SPECIFIED","Other (Please Specify)","legacy NOMIS attribute value"
"residential_attribute.attribute_value","REMAND_CENTRE","Remand Centre","legacy NOMIS attribute value"
"residential_attribute.attribute_value","LOCAL_PRISON","Local Prison","legacy NOMIS attribute value"
"residential_attribute.attribute_value","CLOSED_PRISON","Closed Prison","legacy NOMIS attribute value"
"residential_attribute.attribute_value","OPEN_TRAINING","Open Training","legacy NOMIS attribute value"
"residential_attribute.attribute_value","HOSTEL","Hostel","legacy NOMIS attribute value"
"residential_attribute.attribute_value","CLOSED_YOUNG_OFFENDER","Closed Young Offender Institute","legacy NOMIS attribute value"
"residential_attribute.attribute_value","OPEN_YOUNG_OFFENDER","Open Young Offender Institute","legacy NOMIS attribute value"
"residential_attribute.attribute_value","REMAND_UNDER_18","Remand Institute for Under 18s","legacy NOMIS attribute value"
"residential_attribute.attribute_value","SENTENCED_UNDER_18","Institution for Sentenced Under 18s","legacy NOMIS attribute value"
"residential_attribute.attribute_value","ECL_COMPONENT","ECL Component Code","legacy NOMIS attribute value"
"residential_attribute.attribute_value","ADDITIONAL_SPECIAL_UNIT","Additional Special Unit","legacy NOMIS attribute value"
"residential_attribute.attribute_value","SECOND_CLOSED_TRAINER","Second Closed Trainer/Single LIDS Site","legacy NOMIS attribute value"
"residential_attribute.attribute_value","IMMIGRATION_DETAINEES","Immigration Detainees","legacy NOMIS attribute value"
"residential_attribute.attribute_value","CELL","Do Not Locate in Same Cell","legacy NOMIS attribute value"
"residential_attribute.attribute_value","LANDING","Do Not Locate on Same Landing","legacy NOMIS attribute value"
"residential_attribute.attribute_value","WING","Do Not Locate on Same Wing","legacy NOMIS attribute value"
"residential_attribute.attribute_value","CAT_A","Cat A","legacy NOMIS attribute value"
"residential_attribute.attribute_value","CAT_A_EX","Cat A Ex","legacy NOMIS attribute value"
"residential_attribute.attribute_value","CAT_A_HI","Cat A Hi","legacy NOMIS attribute value"
"residential_attribute.attribute_value","CAT_B","Cat B","legacy NOMIS attribute value"
"residential_attribute.attribute_value","CAT_C","Cat C","legacy NOMIS attribute value"
"residential_attribute.attribute_value","CAT_D","Cat D","legacy NOMIS attribute value"
"residential_attribute.attribute_value","ELIGIBLE","Eligible","legacy NOMIS attribute value"
"residential_attribute.attribute_value","PAROLE_GRANTED","Parole Granted","legacy NOMIS attribute value"
"residential_attribute.attribute_value","INELIGIBLE","Ineligible","legacy NOMIS attribute value"
"residential_attribute.attribute_value","YOI_CLOSED","YOI Closed","legacy NOMIS attribute value"
"residential_attribute.attribute_value","YOI_OPEN","YOI Open","legacy NOMIS attribute value"
"residential_attribute.attribute_value","YOI_RESTRICTED","YOI Restricted","legacy NOMIS attribute value"
"residential_attribute.attribute_value","YOI_SHORT_SENTENCE","YOI Short Sentence","legacy NOMIS attribute value"
"residential_attribute.attribute_value","YOI_LONG_TERM_CLOSED","YOI Long-Term Closed","legacy NOMIS attribute value"
"residential_attribute.attribute_value","UNCLASSIFIED","Un-classified","legacy NOMIS attribute value"
"residential_attribute.attribute_value","UNCATEGORISED_SENTENCED_MALE","Un-categorised Sentenced Male","legacy NOMIS attribute value"
"residential_attribute.attribute_value","LOW","Low","legacy NOMIS attribute value"
"residential_attribute.attribute_value","MEDIUM","Medium","legacy NOMIS attribute value"
"residential_attribute.attribute_value","HIGH","High","legacy NOMIS attribute value"
"residential_attribute.attribute_value","NOT_APPLICABLE","Not Applicable","legacy NOMIS attribute value"
"residential_attribute.attribute_value","PROV_A","Prov A","legacy NOMIS attribute value"
"residential_attribute.attribute_value","PENDING","Pending","legacy NOMIS attribute value"
"residential_attribute.attribute_value","REF_REVIEW","Ref / Review - Date set for Review","legacy NOMIS attribute value"
"residential_attribute.attribute_value","REFUSED_NO_REVIEW","Refused - No Review possible","legacy NOMIS attribute value"
"residential_attribute.attribute_value","STANDARD","Standard","legacy NOMIS attribute value"
"residential_attribute.attribute_value","FEMALE_RESTRICTED","Female Restricted","legacy NOMIS attribute value"
"residential_attribute.attribute_value","FEMALE_CLOSED","Female Closed","legacy NOMIS attribute value"
"residential_attribute.attribute_value","FEMALE_SEMI","Female Semi","legacy NOMIS attribute value"
"residential_attribute.attribute_value","FEMALE_OPEN","Female Open","legacy NOMIS attribute value"
"residential_attribute.attribute_value","UN_SENTENCED","Un-sentenced","legacy NOMIS attribute value"
"residential_attribute.attribute_value","YES","Yes","legacy NOMIS attribute value"
"residential_attribute.attribute_value","NO","No","legacy NOMIS attribute value"
"location_history.attribute_name","STATUS","Status",""
"location_history.attribute_name","LOCATION_CREATED","Location created",""
"location_history.attribute_name","CERTIFICATION","Certification",""
"location_history.attribute_name","ACCOMMODATION_TYPE","Accommodation type",""
"location_history.attribute_name","USED_FOR","Used for",""
"location_history.attribute_name","SPECIALIST_CELL_TYPE","Cell type",""
"location_history.attribute_name","CONVERTED_CELL_TYPE","Non-residential room",""
"location_history.attribute_name","WORKING_CAPACITY","Working capacity",""
"location_history.attribute_name","MAX_CAPACITY","Maximum capacity",""
"location_history.attribute_name","CERTIFIED_CAPACITY","Certified normal accommodation",""
"location_history.attribute_name","DEACTIVATION_REASON","Deactivation reason",""
"location_history.attribute_name","PROPOSED_REACTIVATION_DATE","Estimated reactivation date",""
"location_history.attribute_name","PLANET_FM_NUMBER","Planet FM reference number",""
"location_history.attribute_name","LOCAL_NAME","Local name",""
"location_history.attribute_name","CELL_MARK","Cell mark",""
"location_history.attribute_name","IN_CELL_SANITATION","In-cell sanitation",""
"location_history.attribute_name","USAGE","Usage",""
"location_history.attribute_name","NON_RESIDENTIAL_CAPACITY","Non residential capacity",""
"location_history.attribute_name","INTERNAL_MOVEMENT_ALLOWED","Internal movement allowed",""
"location_history.attribute_name","USED_BY_SERVICE","Use by service",""
"location_history.attribute_name","HIDDEN_FROM_LIST","Hidden from list",""
"location_history.attribute_name","CODE","Code",""
"location_history.attribute_name","LOCATION_TYPE","Location type",""
"location_history.attribute_name","RESIDENTIAL_HOUSING_TYPE","Residential housing type",""
"location_history.attribute_name","PARENT_LOCATION","Parent location",""
"location_history.attribute_name","ORDER_WITHIN_PARENT_LOCATION","Order within parent location",""
"location_history.attribute_name","COMMENTS","Comments",""
"location_history.attribute_name","ATTRIBUTES","Attributes",""
"location_history.attribute_name","PERMANENT_DEACTIVATION","Permanent deactivation",""
"location_history.attribute_name","ACTIVE","Active",""
"location_history.attribute_name","DEACTIVATED_DATE","Deactivated date",""
"location_history.attribute_name","DEACTIVATED_REASON","Deactivated reason",""
"location_history.attribute_name","DEACTIVATED_REASON_DESCRIPTION","Deactivated reason description",""
"certification_approval_request.status","PENDING","Raised and awaiting a decision",""
"certification_approval_request.status","APPROVED","Approved; the change has been applied",""
"certification_approval_request.status","REJECTED","Rejected; the change was not applied",""
"certification_approval_request.status","WITHDRAWN","Withdrawn by the requester before a decision was made",""
"certification_approval_request.approval_type","SIGNED_OP_CAP","Change signed operational capacity",""
"certification_approval_request.approval_type","DRAFT","Add new locations to certificate",""
"certification_approval_request.approval_type","DEACTIVATION","Deactivation",""
"certification_approval_request.approval_type","PERMANENT_DEACTIVATION","Archive location",""
"certification_approval_request.approval_type","UN_ARCHIVE","Restore archived location",""
"certification_approval_request.approval_type","CELL_MARK","Change cell door number",""
"certification_approval_request.approval_type","CELL_SANITATION","Change cell sanitation",""
"certification_approval_request.approval_type","REACTIVATION","Activation",""
"certification_approval_request.approval_type","CAPACITY_CHANGE","Cell capacity",""
"certification_approval_request.approval_type","SPECIALIST_CELL_TYPE","Set special cell type",""
"certification_approval_request.approval_type","CONVERT_ROOM_TO_CELL","Convert to cell",""
"certification_approval_request.approval_type","CONVERT_CELL_TO_ROOM","Convert cell to non-residential room",""
"certification_approval_request.approval_type","PRISON_BASELINE","Initial certificate generation",""
"certification_approval_request.approval_type","CELL_CERTIFICATE_UPLOAD","Initial cell certificate import",""
"cell_certificate_upload.status","PENDING","Stored and waiting to be processed",""
"cell_certificate_upload.status","STARTED","Processing has started",""
"cell_certificate_upload.status","FINISHED","Processing has finished",""
"cell_certificate_upload_location.status","PENDING","Not yet processed",""
"cell_certificate_upload_location.status","PROCESSED","Successfully processed",""
"cell_certificate_upload_location.status","SKIPPED","Skipped, no change required or not applicable",""
"cell_certificate_upload_location.status","FAILED","Processing failed",""
"prison_notification_mailbox.notification_group","CERT_ADMIN","Notified of certification activity needing administration",""
"prison_notification_mailbox.notification_group","CERT_VIEWER","Notified of certification activity for information only",""
"prison_notification_mailbox.notification_group","CERT_REVIEWER","Notified when a certification approval request needs reviewing",""
